[
  {
    "cmd": [
      "python",
      "-u",
      "RECIPE_PACKAGE_REPO[depot_tools]\\bootstrap\\win\\git_bootstrap.py",
      "--verbose"
    ],
    "cwd": "RECIPE_PACKAGE_REPO[depot_tools]",
    "name": "ensure git tooling on windows",
    "timeout": 300
  },
  {
    "cmd": [
      "RECIPE_PACKAGE_REPO[depot_tools]\\git.bat",
      "diff",
      "--cached",
      "--name-only"
    ],
    "cwd": "[START_DIR]\\sub\\project",
    "name": "git diff to analyze patch",
    "stdout": "/path/to/tmp/",
    "~followup_annotations": [
      "@@@STEP_LOG_LINE@files@sub/project/foo.cc@@@",
      "@@@STEP_LOG_END@files@@@"
    ]
  },
  {
    "cmd": [
      "python",
      "-u",
      "import sys; sys.exit(1)"
    ],
    "name": "fail",
    "~followup_annotations": [
      "step returned non-zero exit code: 1",
      "@@@STEP_TEXT@foo@@@",
      "@@@STEP_FAILURE@@@",
      "@@@SET_BUILD_PROPERTY@failure_hash@\"c2311ad770732eade3d2f48247abd147e40a70e7\"@@@"
    ]
  },
  {
    "name": "$result",
    "reason": "Step('fail') failed with return_code 1",
    "recipe_result": null,
    "status_code": 1
  }
]